{
  "main": {
    "id": "2cd1959a03189726",
    "type": "split",
    "children": [
      {
        "id": "23f3424835da9dfd",
        "type": "tabs",
        "children": [
          {
            "id": "2bc762168a6564fa",
            "type": "leaf",
            "state": {
              "type": "markdown",
              "state": {
                "file": "Astrology-Arith-m-etic/Definitions/Aspects/2 Minor/Sesquiquadrate (Sesquisquare).md",
                "mode": "source",
                "source": false
              },
              "icon": "lucide-file",
              "title": "Sesquiquadrate (Sesquisquare)"
            }
          }
        ]
      }
    ],
    "direction": "vertical"
  },
  "left": {
    "id": "7fa66237ff7acb6b",
    "type": "mobile-drawer",
    "children": [
      {
        "id": "4fd399d7cac5d3bf",
        "type": "leaf",
        "state": {
          "type": "file-explorer",
          "state": {
            "sortOrder": "alphabetical",
            "autoReveal": false
          },
          "icon": "lucide-folder-closed",
          "title": "Files"
        }
      },
      {
        "id": "820df3fa96ad5479",
        "type": "leaf",
        "state": {
          "type": "search",
          "state": {
            "query": "Sesqui",
            "matchingCase": false,
            "explainSearch": false,
            "collapseAll": false,
            "extraContext": false,
            "sortOrder": "alphabetical"
          },
          "icon": "lucide-search",
          "title": "Search"
        }
      },
      {
        "id": "6bcccd13f6315c25",
        "type": "leaf",
        "state": {
          "type": "tag",
          "state": {
            "sortOrder": "frequency",
            "useHierarchy": true,
            "showSearch": false,
            "searchQuery": ""
          },
          "icon": "lucide-tags",
          "title": "Tags"
        }
      },
      {
        "id": "65b7bd3b3a0eb62d",
        "type": "leaf",
        "state": {
          "type": "bookmarks",
          "state": {},
          "icon": "lucide-bookmark",
          "title": "Bookmarks"
        }
      }
    ],
    "currentTab": 1
  },
  "right": {
    "id": "172df414ca745a84",
    "type": "mobile-drawer",
    "children": [
      {
        "id": "36fe155990cbe741",
        "type": "leaf",
        "state": {
          "type": "backlink",
          "state": {
            "file": "INDEX.md",
            "collapseAll": false,
            "extraContext": false,
            "sortOrder": "alphabetical",
            "showSearch": false,
            "searchQuery": "",
            "backlinkCollapsed": false,
            "unlinkedCollapsed": true
          },
          "icon": "links-coming-in",
          "title": "Backlinks"
        }
      },
      {
        "id": "9511b716bdebb8da",
        "type": "leaf",
        "state": {
          "type": "outgoing-link",
          "state": {
            "file": "INDEX.md",
            "linksCollapsed": false,
            "unlinkedCollapsed": true
          },
          "icon": "links-going-out",
          "title": "Outgoing links"
        }
      },
      {
        "id": "2077baeaccd7a5d3",
        "type": "leaf",
        "state": {
          "type": "outline",
          "state": {
            "file": "INDEX.md",
            "followCursor": false,
            "showSearch": false,
            "searchQuery": ""
          },
          "icon": "lucide-list",
          "title": "Outline"
        }
      }
    ],
    "currentTab": 0
  },
  "left-ribbon": {
    "hiddenItems": {
      "switcher:Open quick switcher": false,
      "graph:Open graph view": false,
      "canvas:Create new canvas": false,
      "daily-notes:Open today's daily note": false,
      "templates:Insert template": false,
      "command-palette:Open command palette": false
    }
  },
  "active": "2bc762168a6564fa",
  "lastOpenFiles": [
    "Astrology-Arith-m-etic/Definitions/Aspects/Aspect Index.md",
    "Astrology-Arith-m-etic/Definitions/Aspects/2 Minor/Semisextile.md",
    "Astrology-Arith-m-etic/Astrology Arithetic Vault - The Building Blocks of Astrology - Index.md",
    "Astrology-Arith-m-etic/Definitions/Aspects/2 Minor/Inconjunction (Quincunx).md",
    "Astrology-Arith-m-etic/Definitions/Aspects/3 Harmonic/Biquintile.md",
    "INDEX.md"
  ]
}